Epic,Story,Owner,Start Week,End Week,Deliverable,KPI
Baseline Stabilization,CI gating tests,Platform Lead,0,1,CI pipeline enforced,100% PRs gated
Baseline Stabilization,Security + license scan,Platform Lead,0,2,Snyk/Bandit baseline,Scan reports generated
Baseline Stabilization,Config/secrets unification,Platform Lead,1,2,Pydantic settings,Secrets config documented
Distributed Execution,Worker queue engine,Backend Lead,2,4,Worker execution layer,500 concurrent runs
Distributed Execution,Execution metadata store,Backend Lead,3,5,Postgres execution store,Audit trail complete
Distributed Execution,Checkpoint + resume,Backend Lead,4,6,Checkpointed workflows,Restart success ≥99%
Connectors SDK,Connector SDK interface,SDK Lead,6,7,Connector SDK,Connector API documented
Connectors SDK,Webhook connector,SDK Lead,6,7,Webhook connector,Validated signatures
Connectors SDK,Kafka connector,SDK Lead,7,8,Kafka connector,Topic mapping tested
Connectors SDK,SQS connector,SDK Lead,7,8,SQS connector,DLQ handling
Connectors SDK,DB CDC connector,SDK Lead,8,10,CDC connector,Replication tested
Governance & Security,RBAC policy enforcement,Security Lead,10,12,RBAC + policy,Tool access audited
Governance & Security,Audit logging,Security Lead,10,12,Audit log stream,100% executions logged
Governance & Security,PII redaction,Security Lead,11,13,PII masking,Recall >95%
Observability,Metrics suite,SRE Lead,14,15,Prometheus metrics,Dashboards live
Observability,Tracing pipeline,SRE Lead,14,16,OTel spans,Trace coverage >90%
Observability,Alerting,SRE Lead,16,17,Alert rules,MTTA <5m
Packaging,Helm charts,DevOps Lead,18,20,Helm deploy,1-day install
Packaging,Hardened Docker,DevOps Lead,18,20,CIS baseline image,Security baseline passed
Packaging,Cloud deploy guides,DevOps Lead,20,22,Docs for AWS/GCP/Azure,Docs validated